latitude,longitude,type_etablissement,nb_pizzas_differentes,prix_moyen,nb_avis,note_moyenne,date_ouverture,date_fermeture,temps_preparation_moyen,ca_mensuel_k
48.0824,6.9553,SNACK,37.0,16.3,1800.0,3.0,1980.0,1999.0,24.0,105.0
49.8105,5.6683,SNACK,22.0,14.55,2117.0,0.0,1020.0,2009.0,24.0,88.0
48.3068,6.8964,chaine,15.0,16.46,554.0,4.2,1980.0,2006.0,24.0,47.0
48.3035,4.3407,restaurant ITALIEN,33.0,8.54,671.0,4.1,900.0,1985.0,24.0,20.0
49.3249,6.4801,chaine,37.0,15.63,654.0,4.9,1920.0,2015.0,24.0,54.0
46.6756,4.3032,chaîne,40.0,17.52,592.0,2.9,1140.0,1983.0,24.0,59.0
47.7322,6.9318,Resto italien,22.0,14.7,538.0,0.0,1200.0,1980.0,24.0,85.0
49.5616,3.5574,Resto italien,35.0,13.75,2021.0,0.0,1380.0,1993.0,24.0,81.0
49.1379,5.6326,Resto italien,9.0,14.41,2241.0,0.0,1500.0,2019.0,24.0,86.0
48.7302,7.3787,ARTISANALE,15.0,9.2,132.0,2.6,1620.0,2001.0,24.0,17.0
46.6961,5.4597,Snack,14.0,15.23,2436.0,4.2,1140.0,2009.0,24.0,101.0
48.8159,7.878,chaine,23.0,11.21,1750.0,4.6,720.0,1998.0,24.0,66.0
47.0382,6.7647,Artisannale,25.0,13.56,238.0,4.2,840.0,2016.0,24.0,99.0
50.4174,5.986,chaine,34.0,15.83,1176.0,4.5,2100.0,2018.0,24.0,46.0
47.5386,6.2032,chaîne,12.0,14.56,2038.0,4.3,2340.0,1991.0,24.0,84.0
47.4309,4.8653,restaurant ITALIEN,4.0,8.86,849.0,4.5,2040.0,2006.0,24.0,11.0
47.8352,6.134,restaurant ITALIEN,4.0,14.87,277.0,3.1,1620.0,1999.0,24.0,70.0
48.7,7.1051,chaine,47.0,11.33,119.0,3.9,1140.0,1992.0,24.0,48.0
49.8353,7.8347,Resto italien,34.0,16.67,1886.0,3.7,1740.0,2009.0,24.0,106.0
49.7567,7.8606,ARTISANALE,37.0,10.94,2194.0,3.3,540.0,1993.0,24.0,79.0
49.242,7.2578,chaîne,8.0,18.65,1536.0,2.6,1080.0,2016.0,24.0,83.0
48.0583,6.2974,Artisannale,49.0,17.36,355.0,3.2,2340.0,1995.0,24.0,53.0
48.3076,7.9684,restaurant ITALIEN,37.0,10.98,153.0,0.0,1200.0,1985.0,24.0,62.0
48.524,7.2554,Snack,16.0,11.41,1271.0,4.7,1680.0,1989.0,24.0,104.0
49.9872,7.3641,Snack,17.0,15.83,2139.0,4.3,900.0,1980.0,24.0,45.0
50.2293,6.7291,chaine,25.0,12.87,2132.0,0.0,1620.0,1981.0,24.0,79.0
49.534,6.5026,restaurant ITALIEN,24.0,9.81,1806.0,3.8,900.0,1997.0,24.0,25.0
47.13,4.038,chaine,17.0,13.74,1160.0,3.2,1380.0,1990.0,24.0,15.0
47.7455,7.6935,Resto italien,7.0,9.0,433.0,4.2,1920.0,1983.0,24.0,17.0
48.2059,4.3412,Resto italien,43.0,11.59,2185.0,3.0,780.0,2009.0,24.0,78.0
47.0272,7.3204,Resto italien,10.0,12.74,1906.0,4.3,2280.0,1994.0,24.0,34.0
47.0749,7.7098,Artisannale,27.0,12.01,1330.0,4.2,2220.0,2011.0,24.0,9.0
46.7615,4.0306,Resto italien,33.0,17.23,2353.0,3.4,960.0,2012.0,24.0,19.0
48.1227,6.8571,chaine,24.0,13.9,1237.0,0.0,2220.0,2005.0,24.0,81.0
48.1538,6.4181,Snack,34.0,11.91,2420.0,4.5,2100.0,2007.0,24.0,78.0
49.6493,6.0593,restaurant ITALIEN,15.0,15.12,2351.0,0.0,2340.0,1987.0,24.0,81.0
48.8843,5.0293,chaine,32.0,9.53,445.0,2.7,1920.0,2000.0,24.0,69.0
49.08,3.789,restaurant ITALIEN,12.0,17.7,0.0,4.1,1020.0,2022.0,24.0,25.0
48.3119,4.8701,Resto italien,16.0,9.87,1247.0,3.2,2100.0,2002.0,24.0,17.0
48.8309,6.374,SNACK,12.0,17.3,2248.0,0.0,660.0,1980.0,24.0,96.0
48.7401,8.0999,chaine,22.0,17.46,1614.0,4.3,1680.0,2004.0,24.0,57.0
48.0263,6.0621,Snack,34.0,9.1,1475.0,4.6,2040.0,1989.0,24.0,42.0
50.4898,6.6493,Snack,4.0,8.33,1993.0,0.0,2100.0,1988.0,24.0,16.0
47.0489,7.2879,Resto italien,48.0,14.45,2086.0,2.9,2100.0,2015.0,24.0,110.0
48.3002,5.1699,Snack,31.0,14.45,969.0,4.6,2400.0,1997.0,24.0,58.0
50.2063,6.2089,ARTISANALE,6.0,14.03,1972.0,2.8,780.0,1989.0,24.0,99.0
49.4252,8.1228,Artisannale,33.0,13.44,1004.0,4.0,2280.0,2020.0,24.0,100.0
49.1549,6.643,Artisannale,43.0,8.11,1920.0,4.4,2220.0,2012.0,24.0,66.0
48.7959,5.0581,chaîne,22.0,10.83,2447.0,0.0,1620.0,2016.0,24.0,39.0
46.7457,5.7239,Snack,40.0,8.09,111.0,4.5,1560.0,2011.0,24.0,16.0
47.0073,3.8613,Artisannale,20.0,9.02,58.0,4.6,900.0,2018.0,24.0,28.0
50.1405,6.9731,Resto italien,27.0,16.79,1986.0,4.3,1140.0,2013.0,24.0,10.0
47.8714,3.8967,Snack,42.0,18.24,1691.0,3.7,1920.0,1995.0,24.0,90.0
48.2607,6.4966,restaurant ITALIEN,40.0,15.95,475.0,4.1,660.0,1990.0,24.0,65.0
48.095,4.9164,restaurant ITALIEN,28.0,15.36,2172.0,3.2,2100.0,1980.0,24.0,42.0
50.2089,5.6095,chaîne,37.0,15.35,2176.0,0.0,1800.0,2007.0,24.0,84.0
50.1722,7.5343,chaîne,21.0,10.57,2392.0,0.0,1980.0,2009.0,24.0,104.0
49.2012,4.6364,restaurant ITALIEN,37.0,11.38,2243.0,2.9,480.0,2023.0,24.0,7.0
49.8268,3.5562,chaine,37.0,8.69,1160.0,3.0,1440.0,1992.0,24.0,10.0
46.5948,3.9321,restaurant ITALIEN,42.0,14.84,2476.0,2.8,960.0,2004.0,24.0,90.0
49.5554,6.5452,Snack,11.0,15.5,310.0,3.7,2220.0,1997.0,24.0,104.0
48.2079,7.7459,chaîne,20.0,9.36,255.0,0.0,1920.0,2004.0,24.0,48.0
50.4838,4.7137,Artisannale,15.0,12.57,2499.0,4.8,1980.0,1991.0,24.0,88.0
48.4682,4.1762,SNACK,17.0,14.56,1808.0,0.0,1440.0,1986.0,24.0,10.0
46.7917,6.1853,Artisannale,32.0,7.72,3.0,4.1,600.0,2022.0,24.0,55.0
47.5657,6.7903,SNACK,40.0,7.54,1958.0,4.4,2100.0,2005.0,24.0,99.0
49.6237,7.1913,restaurant ITALIEN,4.0,11.92,496.0,4.4,1800.0,2001.0,24.0,93.0
47.7113,3.7594,chaine,27.0,13.65,1882.0,2.7,1560.0,2021.0,24.0,31.0
47.2065,3.6849,SNACK,46.0,9.7,1471.0,4.7,2340.0,1985.0,24.0,86.0
48.2519,4.3905,ARTISANALE,16.0,7.79,1592.0,3.1,720.0,2014.0,24.0,88.0
47.7309,6.0095,Resto italien,5.0,7.93,175.0,0.0,1980.0,1987.0,24.0,33.0
49.7284,6.6364,Resto italien,47.0,17.51,954.0,4.4,720.0,1982.0,24.0,100.0
47.0664,6.573,Resto italien,43.0,8.03,705.0,2.8,660.0,1999.0,24.0,107.0
46.8892,6.3728,chaine,10.0,8.81,258.0,4.0,1200.0,2007.0,24.0,49.0
49.7461,8.1163,SNACK,24.0,8.89,1317.0,3.9,1260.0,1982.0,24.0,81.0
47.1938,3.7971,Artisannale,13.0,16.21,675.0,3.4,2160.0,1995.0,24.0,80.0
46.6628,3.9698,SNACK,14.0,7.68,734.0,2.5,780.0,2021.0,24.0,81.0
50.0477,5.4562,Resto italien,48.0,8.96,1109.0,0.0,2160.0,2006.0,24.0,36.0
50.2524,6.3695,ARTISANALE,42.0,9.57,1233.0,4.9,1800.0,2006.0,24.0,6.0
48.7308,4.4019,chaine,43.0,11.66,898.0,3.8,2220.0,2020.0,24.0,90.0
47.3324,3.7494,chaine,13.0,15.38,722.0,3.7,1080.0,2022.0,24.0,11.0
46.7161,5.2117,restaurant ITALIEN,31.0,10.39,1856.0,4.7,600.0,1986.0,24.0,100.0
46.7098,6.0256,Snack,5.0,13.08,963.0,0.0,2160.0,2017.0,24.0,80.0
47.8039,4.4341,chaîne,18.0,16.46,1689.0,2.7,1200.0,2004.0,24.0,34.0
46.7941,6.2499,ARTISANALE,31.0,9.17,1586.0,3.6,1860.0,1988.0,24.0,64.0
49.3793,6.4705,Artisannale,16.0,11.36,2329.0,0.0,660.0,1997.0,24.0,23.0
46.9444,5.688,SNACK,14.0,16.24,642.0,3.2,1080.0,2016.0,24.0,76.0
49.92,3.9064,Resto italien,17.0,14.3,1753.0,3.2,1380.0,1995.0,24.0,47.0
48.237,4.5453,Snack,40.0,17.83,1927.0,2.6,2400.0,1982.0,24.0,60.0
48.6245,5.7526,chaine,32.0,13.2,50.0,0.0,2040.0,1993.0,24.0,22.0
47.9336,4.6236,chaine,5.0,13.02,2336.0,4.3,540.0,2009.0,24.0,65.0
49.5873,7.6087,SNACK,15.0,16.58,5.0,3.7,720.0,2004.0,24.0,94.0
47.8316,3.6538,SNACK,21.0,15.53,848.0,3.9,780.0,2019.0,24.0,48.0
49.443,3.7576,chaîne,7.0,8.78,1497.0,4.0,1860.0,1991.0,24.0,88.0
48.7352,3.8149,restaurant ITALIEN,12.0,18.78,1959.0,2.8,1260.0,1994.0,24.0,47.0
47.9108,4.7566,SNACK,21.0,8.13,2053.0,3.6,900.0,2010.0,24.0,96.0
48.6276,7.3793,Artisannale,32.0,14.64,268.0,4.9,1200.0,2009.0,24.0,17.0
46.8207,7.7203,Artisannale,8.0,8.76,2032.0,4.2,1020.0,1993.0,24.0,72.0
50.3084,3.6066,SNACK,47.0,13.73,1420.0,0.0,2040.0,2008.0,24.0,100.0
49.0787,4.8701,chaine,5.0,17.53,1375.0,4.9,2040.0,2017.0,24.0,49.0
49.123,7.1981,Resto italien,41.0,15.16,1875.0,3.9,1620.0,2016.0,24.0,22.0
50.0931,4.9405,Artisannale,18.0,13.07,193.0,4.4,1020.0,2002.0,24.0,42.0
48.3237,4.2819,Snack,49.0,13.66,628.0,2.9,1080.0,1995.0,24.0,20.0
46.6646,4.9881,Snack,32.0,10.49,142.0,3.9,1680.0,2002.0,24.0,24.0
47.9917,6.0374,Snack,38.0,10.97,2045.0,3.5,1020.0,2009.0,24.0,46.0
47.1242,8.0597,chaîne,45.0,15.61,2349.0,3.2,1020.0,2016.0,24.0,99.0
50.1275,5.5779,chaine,50.0,13.01,2256.0,0.0,900.0,1999.0,24.0,9.0
48.1065,7.4521,Resto italien,26.0,8.56,799.0,0.0,1320.0,1997.0,24.0,31.0
46.5902,6.0305,Resto italien,47.0,15.22,2096.0,0.0,1980.0,1992.0,24.0,68.0
47.771,6.3439,ARTISANALE,46.0,11.65,1751.0,0.0,1860.0,2004.0,24.0,53.0
46.5488,5.1211,Artisannale,32.0,17.55,1819.0,0.0,2040.0,2008.0,24.0,42.0
47.1552,6.9216,SNACK,50.0,17.81,2405.0,0.0,780.0,1989.0,24.0,32.0
47.7129,8.1454,chaîne,8.0,18.23,27.0,3.4,2040.0,2020.0,24.0,40.0
48.1581,6.1123,Snack,16.0,9.64,172.0,3.9,1620.0,2017.0,24.0,44.0
48.4764,6.9773,restaurant ITALIEN,5.0,16.6,1935.0,3.3,900.0,2021.0,24.0,91.0
50.0707,5.4606,Resto italien,48.0,14.92,1135.0,0.0,2340.0,1984.0,24.0,82.0
49.4823,6.231,SNACK,20.0,14.72,489.0,4.2,1860.0,2012.0,24.0,99.0
48.8011,7.4728,Snack,41.0,8.17,554.0,4.7,1800.0,1990.0,24.0,12.0
47.5907,5.4717,chaîne,7.0,10.83,2104.0,4.8,1200.0,2020.0,24.0,29.0
49.5588,6.3142,Snack,38.0,11.21,1233.0,4.6,1500.0,2023.0,24.0,95.0
2.168,49.0334,Snack,24.0,21.21,446.0,3.6,2013.0,2003.0,18.0,62.0
2.9492,48.617,Artisanale,14.0,17.87,1342.0,3.6,2007.0,2003.0,23.0,16.0
2.4451,48.9691,Chaîne,10.0,9.96,3401.0,3.6,1993.0,2003.0,22.0,61.0
3.0596,48.7275,Artisanale,5.0,17.04,3470.0,3.6,1992.0,2003.0,29.0,69.0
2.6615,48.2265,Chaîne,26.0,11.92,2536.0,3.6,2016.0,2003.0,26.0,80.0
2.5925,48.5773,Chaîne,44.0,8.27,1964.0,3.6,2007.0,2003.0,39.0,74.0
1.5498,48.7374,Snack,7.0,13.0,653.0,3.6,2002.0,2003.0,23.0,111.0
2.9267,48.5193,Chaîne,15.0,18.33,2881.0,3.6,2021.0,2003.0,17.0,113.0
1.6534,48.6414,Chaîne,42.0,8.01,534.0,3.6,2005.0,2003.0,19.0,28.0
2.1351,49.0645,Restaurant italien,41.0,9.91,3243.0,3.6,2005.0,2003.0,39.0,81.0
1.7981,48.7301,Snack,22.0,21.28,3157.0,3.6,1996.0,2003.0,10.0,113.0
1.7391,49.043,Artisanale,19.0,16.91,2744.0,3.6,2013.0,2003.0,29.0,-50.0
2.7247,48.9083,Artisanale,28.0,10.33,1438.0,3.6,2015.0,2003.0,14.0,83.0
2.9378,48.2663,Snack,5.0,9.04,2998.0,3.6,1990.0,2003.0,24.0,88.0
2.2381,48.7466,Artisanale,10.0,13.73,2212.0,3.6,2004.0,2003.0,26.0,16.0
2.2269,48.5247,Snack,44.0,8.36,335.0,3.6,2004.0,2003.0,15.0,70.0
1.8143,48.6897,Restaurant italien,27.0,14.16,2311.0,3.6,1991.0,2003.0,24.0,54.0
2.1581,48.2549,Restaurant italien,38.0,16.02,1617.0,3.6,2017.0,2003.0,10.0,76.0
2.2634,49.0543,Chaîne,17.0,13.93,3369.0,3.6,2005.0,2003.0,24.0,113.0
1.9695,48.4935,Restaurant italien,4.0,15.32,607.0,3.6,1991.0,2003.0,14.0,22.0
2.3255,48.5447,Restaurant italien,6.0,16.66,1621.0,3.6,2000.0,2003.0,29.0,70.0
2.9328,48.4799,Artisanale,18.0,14.2,1707.0,3.6,1997.0,2003.0,13.0,115.0
1.7703,48.6637,Snack,36.0,15.34,3411.0,3.6,2000.0,2003.0,11.0,16.0
2.5802,48.6546,Artisanale,5.0,14.25,2258.0,3.6,2001.0,2003.0,18.0,98.0
2.8257,48.9684,Chaîne,18.0,11.77,3196.0,3.6,2015.0,2003.0,8.0,92.0
2.0193,48.9246,Snack,31.0,14.43,2132.0,3.6,2022.0,2003.0,33.0,75.0
2.0074,48.7481,Artisanale,34.0,16.97,2912.0,3.6,1997.0,2003.0,27.0,107.0
1.7379,48.4876,Artisanale,45.0,20.7,2388.0,3.6,2006.0,2003.0,20.0,38.0
2.9372,48.6566,Chaîne,22.0,11.62,749.0,3.6,1990.0,2003.0,29.0,38.0
1.9999,48.4345,Artisanale,34.0,16.12,796.0,3.6,2018.0,2003.0,32.0,16.0
2.468,48.5683,Restaurant italien,13.0,18.91,724.0,3.6,1985.0,2003.0,11.0,36.0
2.8256,48.9067,Chaîne,43.0,14.01,2186.0,3.6,1985.0,2003.0,31.0,106.0
1.923,48.764,Snack,23.0,16.24,1221.0,3.6,2018.0,2003.0,37.0,53.0
1.8203,48.5233,Restaurant italien,5.0,9.84,692.0,3.6,2009.0,2003.0,10.0,42.0
2.6111,48.7958,Artisanale,7.0,13.32,627.0,3.6,2004.0,2003.0,8.0,22.0
2.9121,48.3234,Artisanale,36.0,9.6,818.0,3.6,2007.0,2003.0,20.0,47.0
2.062,49.0398,Artisanale,4.0,19.69,368.0,3.6,1991.0,2003.0,12.0,92.0
1.797,48.2898,Artisanale,22.0,13.96,187.0,3.6,1993.0,2003.0,24.0,31.0
2.0826,48.5354,Artisanale,29.0,19.7,1727.0,3.6,1992.0,2003.0,18.0,102.0
2.4672,48.6344,Restaurant italien,15.0,16.56,2978.0,3.6,2015.0,2003.0,16.0,24.0
1.521,48.7895,Chaîne,25.0,16.66,1973.0,3.6,1994.0,2003.0,32.0,81.0
2.3595,49.0409,Restaurant italien,35.0,14.88,206.0,3.6,2010.0,2003.0,32.0,20.0
1.7018,48.6024,Restaurant italien,45.0,8.5,3243.0,3.6,2017.0,2003.0,27.0,93.0
2.0644,48.9599,Restaurant italien,27.0,18.63,3399.0,3.6,2020.0,2003.0,26.0,99.0
2.5384,48.2963,Chaîne,11.0,14.4,441.0,3.6,2022.0,2003.0,10.0,67.0
2.7516,48.2039,Restaurant italien,41.0,20.9,2992.0,3.6,2009.0,2003.0,14.0,87.0
2.796,49.0243,Snack,29.0,14.34,2867.0,3.6,2004.0,2003.0,40.0,80.0
2.7145,48.3887,Snack,12.0,21.42,1320.0,3.6,2020.0,2003.0,30.0,83.0
2.2181,48.9897,Artisanale,37.0,8.74,1093.0,3.6,2003.0,2003.0,18.0,28.0
2.8838,48.2291,Artisanale,43.0,20.11,973.0,3.6,1988.0,2003.0,26.0,59.0
1.9273,48.2117,Restaurant italien,18.0,17.07,2471.0,3.6,2003.0,2003.0,20.0,97.0
1.9745,48.2366,Snack,12.0,8.08,163.0,3.6,2023.0,2003.0,28.0,90.0
1.6239,48.6951,Snack,37.0,8.95,2199.0,3.6,1999.0,2003.0,30.0,94.0
3.1943,48.6774,Artisanale,11.0,20.66,163.0,3.6,2009.0,2003.0,28.0,24.0
2.1374,48.9399,Restaurant italien,35.0,10.7,685.0,3.6,1989.0,2003.0,8.0,90.0
2.6947,48.684,Restaurant italien,45.0,17.6,2936.0,3.6,1989.0,2003.0,13.0,111.0
2.2669,48.5669,Restaurant italien,31.0,9.66,2950.0,3.6,1989.0,2003.0,10.0,74.0
3.0754,48.4534,Restaurant italien,29.0,999.0,3058.0,3.6,1994.0,2003.0,26.0,111.0
1.7403,48.9873,Artisanale,4.0,15.67,860.0,3.6,1998.0,2003.0,30.0,92.0
1.9297,48.7552,Artisanale,15.0,8.76,2248.0,3.6,2003.0,2003.0,12.0,42.0
2.6143,48.3154,Artisanale,22.0,12.45,1252.0,3.6,2021.0,2003.0,17.0,113.0
1.8766,48.4216,Restaurant italien,21.0,18.26,1469.0,3.6,2020.0,2003.0,39.0,92.0
3.0068,48.4369,Artisanale,8.0,16.84,3150.0,3.6,2020.0,2003.0,10.0,79.0
2.5023,49.0023,Snack,12.0,13.55,3473.0,3.6,2017.0,2003.0,18.0,30.0
1.5687,49.0453,Restaurant italien,18.0,8.6,1479.0,3.6,1987.0,2003.0,37.0,93.0
2.4693,48.7208,Restaurant italien,45.0,20.58,1030.0,3.6,2018.0,2003.0,22.0,114.0
1.7362,48.6517,Chaîne,18.0,10.96,2938.0,3.6,2011.0,2003.0,22.0,102.0
2.6003,48.7317,Restaurant italien,5.0,16.29,2344.0,3.6,2001.0,2003.0,18.0,76.0
2.7376,48.9907,Snack,9.0,14.6,1682.0,3.6,2024.0,2003.0,19.0,43.0
1.8907,48.7315,Restaurant italien,25.0,20.03,612.0,3.6,2015.0,2003.0,19.0,86.0
1.7216,48.634,Artisanale,45.0,20.25,3286.0,3.6,2007.0,2003.0,32.0,104.0
2.3111,48.3205,Chaîne,9.0,13.72,3233.0,3.6,2018.0,2003.0,24.0,10.0
1.7631,48.526,Snack,20.0,13.12,3092.0,3.6,1996.0,2003.0,38.0,81.0
2.9535,48.8622,Artisanale,18.0,10.27,1386.0,3.6,1995.0,2003.0,11.0,91.0
1.6089,48.5918,Chaîne,27.0,999.0,2514.0,3.6,2023.0,2003.0,26.0,109.0
2.6167,48.3815,Snack,16.0,15.22,147.0,3.6,1995.0,2003.0,8.0,45.0
2.3802,48.7275,Artisanale,9.0,15.83,3340.0,3.6,2014.0,2003.0,20.0,83.0
2.3554,48.7028,Snack,11.0,20.27,2843.0,3.6,2021.0,2003.0,32.0,41.0
2.3193,48.9758,Snack,8.0,11.09,1689.0,3.6,2001.0,2003.0,8.0,21.0
2.101,48.6289,Snack,15.0,20.74,3012.0,3.6,1998.0,2003.0,24.0,41.0
2.6489,49.0282,Restaurant italien,43.0,21.41,1291.0,3.6,2016.0,2003.0,25.0,107.0
2.3938,48.3154,Restaurant italien,34.0,999.0,3178.0,3.6,2018.0,2003.0,15.0,98.0
2.1147,48.2907,Snack,15.0,14.6,2042.0,3.6,2008.0,2003.0,34.0,61.0
2.8841,48.8174,Snack,19.0,10.74,1937.0,3.6,2011.0,2003.0,19.0,90.0
2.4653,48.7059,Restaurant italien,10.0,19.39,1842.0,3.6,2008.0,2003.0,24.0,81.0
2.9745,48.3091,Chaîne,40.0,10.44,2757.0,3.6,1990.0,2003.0,36.0,46.0
2.5409,48.5796,Restaurant italien,25.0,12.39,2479.0,3.6,2013.0,2003.0,25.0,56.0
1.5393,48.3655,Chaîne,20.0,9.12,261.0,3.6,2020.0,2003.0,38.0,108.0
2.6132,48.3397,Restaurant italien,23.0,14.2,698.0,3.6,2007.0,2003.0,24.0,51.0
3.1482,48.6004,Chaîne,41.0,16.9,2619.0,3.6,2015.0,2003.0,30.0,113.0
1.5179,48.3401,Chaîne,26.0,17.63,1227.0,3.6,2012.0,2003.0,24.0,86.0
2.4529,48.5706,Restaurant italien,19.0,13.46,1729.0,3.6,2003.0,2003.0,25.0,78.0
1.6876,48.323,Restaurant italien,43.0,14.89,2191.0,3.6,1991.0,2003.0,24.0,26.0
1.8692,48.2133,Restaurant italien,23.0,13.2,328.0,3.6,1988.0,2003.0,17.0,60.0
2.908,48.9355,Artisanale,19.0,11.46,3011.0,3.6,2015.0,2003.0,21.0,49.0
1.9306,48.6688,Snack,16.0,17.33,1778.0,3.6,2002.0,2003.0,18.0,60.0
2.5136,48.6277,Snack,9.0,17.6,3111.0,3.6,2007.0,2003.0,11.0,99.0
2.4492,48.4851,Snack,32.0,999.0,1026.0,3.6,2013.0,2003.0,39.0,79.0
2.7451,48.5129,Snack,42.0,8.96,1078.0,3.6,1985.0,2003.0,37.0,74.0
1.9059,48.8984,Artisanale,38.0,17.57,1159.0,3.6,1992.0,2003.0,28.0,94.0
1.8257,48.2963,Artisanale,40.0,14.86,201.0,3.6,1985.0,2003.0,12.0,36.0
2.7639,48.5248,Restaurant italien,27.0,16.64,3417.0,3.6,2018.0,2003.0,21.0,102.0
2.469,48.7912,Chaîne,39.0,9.48,1878.0,3.6,1991.0,2003.0,35.0,33.0
2.5199,48.6805,Snack,24.0,19.83,3383.0,3.6,2021.0,2003.0,23.0,58.0
1.5003,49.0638,Artisanale,22.0,21.91,908.0,3.6,1986.0,2003.0,28.0,98.0
1.763,49.0333,Artisanale,33.0,13.14,3322.0,3.6,2021.0,2003.0,33.0,103.0
2.6723,48.9431,Artisanale,42.0,999.0,3195.0,3.6,2006.0,2003.0,24.0,114.0
2.5776,49.0358,Restaurant italien,7.0,15.56,904.0,3.6,2013.0,2003.0,33.0,83.0
2.0715,48.3332,Restaurant italien,40.0,11.68,2858.0,3.6,2015.0,2003.0,16.0,72.0
2.3912,49.0974,Chaîne,8.0,17.59,1694.0,3.6,1997.0,2003.0,30.0,86.0
2.8648,48.9394,Chaîne,32.0,10.8,3492.0,3.6,2000.0,2003.0,11.0,28.0
2.0187,48.9239,Restaurant italien,5.0,10.97,2247.0,3.6,1986.0,2003.0,17.0,94.0
2.6841,48.3806,Snack,7.0,8.93,2703.0,3.6,1986.0,2003.0,14.0,93.0
2.5151,48.6362,Artisanale,15.0,15.85,2168.0,3.6,2010.0,2003.0,39.0,12.0
3.163,48.4126,Snack,7.0,20.47,2273.0,3.6,1994.0,2003.0,22.0,60.0
2.5634,48.7512,Chaîne,30.0,21.59,2220.0,3.6,2022.0,2003.0,16.0,112.0
2.2311,49.0186,Chaîne,45.0,12.44,484.0,3.6,1986.0,2003.0,17.0,62.0
1.8195,48.3368,Chaîne,25.0,16.64,2442.0,3.6,2007.0,2003.0,9.0,109.0
2.9486,48.5366,Restaurant italien,34.0,8.45,1105.0,3.6,1997.0,2003.0,22.0,18.0
2.2778,48.4924,Chaîne,31.0,18.29,2504.0,3.6,2018.0,2003.0,10.0,68.0
44.8608,6.87975,Snack,19.0,14.4,1116.0,3.6,2012.0,2003.0,24.0,12.0
44.8608,6.87975,Artisanale,39.0,14.4,451.0,3.6,1985.0,2003.0,25.0,28.0
44.8608,6.87975,Chaîne,17.0,14.4,198.0,3.6,2023.0,2003.0,30.0,41.0
44.8608,6.87975,Artisanale,28.0,14.4,1764.0,3.6,1989.0,2003.0,20.0,13.0
44.8608,6.87975,Artisanale,18.0,14.4,1708.0,3.6,2007.0,2003.0,31.0,34.0
44.8608,6.87975,Artisanale,42.0,14.4,946.0,3.6,2005.0,2003.0,22.0,15.0
44.8608,6.87975,Snack,29.0,14.4,1794.0,3.6,2016.0,2003.0,21.0,58.0
44.8608,6.87975,Chaîne,20.0,14.4,1529.0,3.6,2008.0,2003.0,33.0,36.0
44.8608,6.87975,Restaurant italien,9.0,14.4,327.0,3.6,2023.0,2003.0,35.0,16.0
44.8608,6.87975,Restaurant italien,37.0,14.4,1393.0,3.6,2006.0,2003.0,25.0,22.0
44.8608,6.87975,Artisanale,20.0,14.4,217.0,3.6,2017.0,2003.0,27.0,85.0
44.8608,6.87975,Chaîne,38.0,14.4,1226.0,3.6,1992.0,2003.0,9.0,54.0
44.8608,6.87975,Snack,19.0,14.4,175.0,3.6,2019.0,2003.0,12.0,24.0
44.8608,6.87975,Chaîne,20.0,14.4,1104.0,3.6,2004.0,2003.0,20.0,59.0
44.8608,6.87975,Restaurant italien,37.0,14.4,43.0,3.6,2022.0,2003.0,22.0,36.0
44.8608,6.87975,Artisanale,18.0,14.4,145.0,3.6,2016.0,2003.0,25.0,35.0
44.8608,6.87975,Restaurant italien,19.0,14.4,198.0,3.6,2012.0,2003.0,30.0,60.0
44.8608,6.87975,Artisanale,7.0,14.4,509.0,3.6,1993.0,2003.0,36.0,62.0
44.8608,6.87975,Artisanale,32.0,14.4,1335.0,3.6,1990.0,2003.0,8.0,38.0
44.8608,6.87975,Chaîne,29.0,14.4,799.0,3.6,2003.0,2003.0,37.0,62.0
44.8608,6.87975,Restaurant italien,13.0,14.4,1506.0,3.6,1988.0,2003.0,28.0,14.0
44.8608,6.87975,Chaîne,7.0,14.4,140.0,3.6,2010.0,2003.0,23.0,23.0
44.8608,6.87975,Artisanale,43.0,14.4,647.0,3.6,2005.0,2003.0,21.0,38.0
44.8608,6.87975,Snack,33.0,14.4,938.0,3.6,1989.0,2003.0,14.0,76.0
44.8608,6.87975,Snack,8.0,14.4,1707.0,3.6,2024.0,2003.0,27.0,91.0
44.8608,6.87975,Snack,10.0,14.4,219.0,3.6,2002.0,2003.0,17.0,44.0
44.8608,6.87975,Chaîne,44.0,14.4,1732.0,3.6,2012.0,2003.0,24.0,43.0
44.8608,6.87975,Chaîne,44.0,14.4,1129.0,3.6,1992.0,2003.0,8.0,17.0
44.8608,6.87975,Chaîne,38.0,14.4,880.0,3.6,2004.0,2003.0,24.0,54.0
44.8608,6.87975,Artisanale,26.0,14.4,1597.0,3.6,2024.0,2003.0,34.0,27.0
44.8608,6.87975,Chaîne,15.0,14.4,680.0,3.6,2000.0,2003.0,34.0,42.0
44.8608,6.87975,Restaurant italien,6.0,14.4,942.0,3.6,1999.0,2003.0,22.0,11.0
44.8608,6.87975,Snack,8.0,14.4,818.0,3.6,1986.0,2003.0,29.0,22.0
44.8608,6.87975,Snack,6.0,14.4,642.0,3.6,1992.0,2003.0,40.0,57.0
44.8608,6.87975,Artisanale,31.0,14.4,1473.0,3.6,2008.0,2003.0,20.0,63.0
44.8608,6.87975,Snack,43.0,14.4,615.0,3.6,2005.0,2003.0,34.0,59.0
44.8608,6.87975,Chaîne,30.0,14.4,356.0,3.6,2010.0,2003.0,27.0,78.0
44.8608,6.87975,Chaîne,31.0,14.4,904.0,3.6,2017.0,2003.0,21.0,68.0
44.8608,6.87975,Chaîne,9.0,14.4,191.0,3.6,2004.0,2003.0,23.0,36.0
44.8608,6.87975,Artisanale,19.0,14.4,932.0,3.6,2009.0,2003.0,20.0,71.0
44.8608,6.87975,Artisanale,10.0,14.4,1425.0,3.6,2020.0,2003.0,11.0,39.0
44.8608,6.87975,Chaîne,33.0,14.4,1546.0,3.6,2012.0,2003.0,40.0,78.0
44.8608,6.87975,Restaurant italien,32.0,14.4,1568.0,3.6,2000.0,2003.0,39.0,43.0
44.8608,6.87975,Chaîne,21.0,14.4,308.0,3.6,1998.0,2003.0,17.0,16.0
44.8608,6.87975,Restaurant italien,30.0,14.4,1576.0,3.6,2021.0,2003.0,9.0,56.0
44.8608,6.87975,Snack,28.0,14.4,1530.0,3.6,2016.0,2003.0,22.0,36.0
44.8608,6.87975,Restaurant italien,25.0,14.4,1721.0,3.6,2024.0,2003.0,16.0,76.0
44.8608,6.87975,Artisanale,9.0,14.4,372.0,3.6,2009.0,2003.0,24.0,49.0
44.8608,6.87975,Restaurant italien,21.0,14.4,167.0,3.6,2007.0,2003.0,11.0,36.0
44.8608,6.87975,Artisanale,5.0,14.4,312.0,3.6,1992.0,2003.0,38.0,80.0
44.8608,6.87975,Snack,27.0,14.4,234.0,3.6,2004.0,2003.0,18.0,21.0
44.8608,6.87975,Restaurant italien,29.0,14.4,1701.0,3.6,2004.0,2003.0,14.0,95.0
44.8608,6.87975,Artisanale,26.0,14.4,1326.0,3.6,2016.0,2003.0,34.0,21.0
44.8608,6.87975,Restaurant italien,13.0,14.4,553.0,3.6,2014.0,2003.0,38.0,63.0
44.8608,6.87975,Snack,19.0,14.4,499.0,3.6,2006.0,2003.0,32.0,11.0
44.8608,6.87975,Restaurant italien,17.0,14.4,1220.0,3.6,2020.0,2003.0,25.0,9.0
44.8608,6.87975,Chaîne,30.0,14.4,1322.0,3.6,1986.0,2003.0,36.0,19.0
44.8608,6.87975,Chaîne,23.0,14.4,704.0,3.6,2007.0,2003.0,29.0,66.0
44.8608,6.87975,Artisanale,16.0,14.4,1413.0,3.6,2015.0,2003.0,21.0,43.0
44.8608,6.87975,Snack,10.0,14.4,619.0,3.6,2019.0,2003.0,24.0,24.0
44.8608,6.87975,Snack,12.0,14.4,25.0,3.6,2015.0,2003.0,38.0,64.0
44.8608,6.87975,Snack,34.0,14.4,151.0,3.6,1994.0,2003.0,11.0,27.0
44.8608,6.87975,Artisanale,19.0,14.4,1619.0,3.6,2013.0,2003.0,32.0,64.0
44.8608,6.87975,Restaurant italien,23.0,14.4,203.0,3.6,1998.0,2003.0,21.0,41.0
44.8608,6.87975,Chaîne,39.0,14.4,1411.0,3.6,1987.0,2003.0,26.0,37.0
44.8608,6.87975,Restaurant italien,8.0,14.4,1280.0,3.6,2012.0,2003.0,20.0,22.0
44.8608,6.87975,Snack,13.0,14.4,1218.0,3.6,2013.0,2003.0,26.0,23.0
44.8608,6.87975,Restaurant italien,21.0,14.4,81.0,3.6,2023.0,2003.0,28.0,40.0
44.8608,6.87975,Artisanale,21.0,14.4,1062.0,3.6,1996.0,2003.0,25.0,82.0
44.8608,6.87975,Artisanale,34.0,14.4,1756.0,3.6,2016.0,2003.0,34.0,44.0
44.8608,6.87975,Artisanale,33.0,14.4,1582.0,3.6,1985.0,2003.0,40.0,92.0
44.8608,6.87975,Artisanale,16.0,14.4,905.0,3.6,2002.0,2003.0,21.0,78.0
44.8608,6.87975,Restaurant italien,11.0,14.4,1453.0,3.6,2020.0,2003.0,8.0,60.0
44.8608,6.87975,Artisanale,33.0,14.4,1467.0,3.6,2011.0,2003.0,25.0,69.0
44.8608,6.87975,Chaîne,28.0,14.4,279.0,3.6,2011.0,2003.0,25.0,51.0
44.8608,6.87975,Artisanale,22.0,14.4,1351.0,3.6,2013.0,2003.0,17.0,76.0
44.8608,6.87975,Restaurant italien,33.0,14.4,489.0,3.6,2011.0,2003.0,22.0,13.0
44.8608,6.87975,Restaurant italien,28.0,14.4,311.0,3.6,1993.0,2003.0,10.0,72.0
44.8608,6.87975,Artisanale,32.0,14.4,295.0,3.6,1989.0,2003.0,17.0,68.0
44.8608,6.87975,Restaurant italien,45.0,14.4,1092.0,3.6,2016.0,2003.0,28.0,77.0
44.8608,6.87975,Snack,18.0,14.4,1297.0,3.6,2013.0,2003.0,14.0,29.0
44.8608,6.87975,Artisanale,24.0,14.4,298.0,3.6,2021.0,2003.0,34.0,95.0
44.8608,6.87975,Artisanale,43.0,14.4,1194.0,3.6,2014.0,2003.0,24.0,89.0
44.8608,6.87975,Artisanale,33.0,14.4,904.0,3.6,2012.0,2003.0,27.0,40.0
44.8608,6.87975,Restaurant italien,34.0,14.4,605.0,3.6,1986.0,2003.0,26.0,92.0
44.8608,6.87975,Artisanale,42.0,14.4,1588.0,3.6,1999.0,2003.0,30.0,89.0
44.8608,6.87975,Chaîne,44.0,14.4,1615.0,3.6,1993.0,2003.0,31.0,19.0
44.8608,6.87975,Restaurant italien,15.0,14.4,749.0,3.6,1995.0,2003.0,25.0,40.0
44.8608,6.87975,Snack,25.0,14.4,1544.0,3.6,2020.0,2003.0,33.0,54.0
44.8608,6.87975,Snack,38.0,14.4,536.0,3.6,1991.0,2003.0,31.0,94.0
44.8608,6.87975,Snack,43.0,14.4,1435.0,3.6,1992.0,2003.0,34.0,25.0
44.8608,6.87975,Restaurant italien,11.0,14.4,929.0,3.6,2022.0,2003.0,34.0,27.0
44.8608,6.87975,Restaurant italien,43.0,14.4,758.0,3.6,2000.0,2003.0,36.0,54.0
44.8608,6.87975,Snack,7.0,14.4,1736.0,3.6,1998.0,2003.0,13.0,90.0
44.8608,6.87975,Artisanale,25.0,14.4,420.0,3.6,2020.0,2003.0,24.0,34.0
44.8608,6.87975,Chaîne,25.0,14.4,567.0,3.6,1993.0,2003.0,17.0,77.0
44.8608,6.87975,Artisanale,12.0,14.4,663.0,3.6,2001.0,2003.0,24.0,14.0
44.8608,6.87975,Artisanale,8.0,14.4,223.0,3.6,2024.0,2003.0,22.0,13.0
44.8608,6.87975,Snack,33.0,14.4,1735.0,3.6,2016.0,2003.0,14.0,64.0
44.8608,6.87975,Chaîne,8.0,14.4,1458.0,3.6,2014.0,2003.0,26.0,72.0
44.8608,6.87975,Artisanale,45.0,14.4,440.0,3.6,2011.0,2003.0,22.0,51.0
44.8608,6.87975,Artisanale,24.0,14.4,312.0,3.6,1989.0,2003.0,38.0,19.0
44.8608,6.87975,Artisanale,27.0,14.4,1150.0,3.6,2011.0,2003.0,15.0,53.0
44.8608,6.87975,Restaurant italien,7.0,14.4,1183.0,3.6,2015.0,2003.0,17.0,36.0
44.8608,6.87975,Snack,11.0,14.4,1730.0,3.6,2023.0,2003.0,9.0,92.0
44.8608,6.87975,Chaîne,21.0,14.4,12.0,3.6,2021.0,2003.0,17.0,92.0
44.8608,6.87975,Artisanale,9.0,14.4,698.0,3.6,2005.0,2003.0,27.0,80.0
44.8608,6.87975,Chaîne,14.0,14.4,557.0,3.6,2016.0,2003.0,35.0,85.0
44.8608,6.87975,Artisanale,26.0,14.4,996.0,3.6,1987.0,2003.0,27.0,36.0
44.8608,6.87975,Artisanale,17.0,14.4,523.0,3.6,1985.0,2003.0,15.0,71.0
44.8608,6.87975,Restaurant italien,38.0,14.4,1651.0,3.6,1987.0,2003.0,33.0,63.0
44.8608,6.87975,Snack,40.0,14.4,592.0,3.6,1986.0,2003.0,24.0,49.0
44.8608,6.87975,Restaurant italien,27.0,14.4,1206.0,3.6,2010.0,2003.0,13.0,47.0
44.8608,6.87975,Chaîne,8.0,14.4,397.0,3.6,2007.0,2003.0,30.0,90.0
44.8608,6.87975,Chaîne,20.0,14.4,1342.0,3.6,2016.0,2003.0,24.0,67.0
44.8608,6.87975,Restaurant italien,40.0,14.4,1284.0,3.6,1989.0,2003.0,36.0,68.0
44.8608,6.87975,Snack,41.0,14.4,925.0,3.6,2008.0,2003.0,24.0,44.0
44.8608,6.87975,Artisanale,43.0,14.4,1621.0,3.6,2013.0,2003.0,10.0,81.0
44.8608,6.87975,Restaurant italien,36.0,14.4,1660.0,3.6,1990.0,2003.0,29.0,72.0
44.8608,6.87975,Restaurant italien,32.0,14.4,579.0,3.6,2023.0,2003.0,29.0,14.0
44.94,2.3736,Artisan,34.0,8.44,2627.0,3.6,2004.0,2003.0,34.0,56.0
46.4833,3.1188,Snack,24.0,9.44,1826.0,3.6,2004.0,2003.0,35.0,96.0
46.4593,4.1413,Italian restaurant,12.0,18.65,990.0,3.6,2004.0,2003.0,25.0,39000.0
44.6202,6.5062,Snack,43.0,21.97,234.0,3.6,2004.0,2003.0,24.0,54.0
43.2554,7.3573,Chain,5.0,11.65,1710.0,3.6,2004.0,2003.0,20.0,37.0
45.2566,7.1741,Artisan,23.0,17.78,237.0,3.6,2004.0,2003.0,35.0,66.0
45.4271,3.7383,Artisan,15.0,21.0,2404.0,3.6,2004.0,2003.0,33.0,46000.0
45.133,5.6099,Italian restaurant,38.0,8.51,2199.0,3.6,2004.0,2003.0,13.0,39.0
46.2746,6.9315,Snack,22.0,9.71,1616.0,3.6,2004.0,2003.0,17.0,13.0
45.8724,4.9351,Artisan,45.0,10.68,2685.0,3.6,2004.0,2003.0,15.0,63.0
44.6189,3.6554,Snack,23.0,16.15,1472.0,3.6,2004.0,2003.0,11.0,67.0
46.2182,4.3405,Artisan,47.0,21.5,1424.0,3.6,2004.0,2003.0,33.0,24.0
45.8027,4.1023,Snack,13.0,10.79,185.0,3.6,2004.0,2003.0,24.0,68.0
43.8961,7.6817,Snack,40.0,16.37,1236.0,3.6,2004.0,2003.0,22.0,46.0
43.478,3.7862,Snack,11.0,8.67,1872.0,3.6,2004.0,2003.0,24.0,84.0
44.5861,7.1998,Snack,42.0,18.77,1336.0,3.6,2004.0,2003.0,24.0,65.0
46.3516,3.7016,Snack,43.0,15.47,2378.0,3.6,2004.0,2003.0,29.0,13.0
46.4999,2.9607,Snack,10.0,15.11,2156.0,3.6,2004.0,2003.0,24.0,87000.0
44.782,4.0018,Snack,25.0,15.66,1407.0,3.6,2004.0,2003.0,11.0,20.0
45.0952,3.5032,Chain,44.0,11.26,1352.0,3.6,2004.0,2003.0,14.0,8.0
45.9334,5.0957,Snack,20.0,18.69,2009.0,3.6,2004.0,2003.0,30.0,25.0
45.5281,4.1475,Italian restaurant,45.0,11.59,2206.0,3.6,2004.0,2003.0,25.0,21.0
45.6272,7.5468,Italian restaurant,25.0,21.63,2126.0,3.6,2004.0,2003.0,13.0,18.0
43.7984,5.6155,Artisan,36.0,14.24,540.0,3.6,2004.0,2003.0,37.0,15.0
46.326,4.0597,Italian restaurant,25.0,14.16,2666.0,3.6,2004.0,2003.0,16.0,49.0
46.3202,8.1824,Artisan,45.0,17.39,1265.0,3.6,2004.0,2003.0,21.0,70000.0
45.9827,6.0532,Artisan,9.0,13.67,2608.0,3.6,2004.0,2003.0,24.0,18.0
46.2746,6.9315,Snack,22.0,9.71,1616.0,3.6,2004.0,2003.0,17.0,13.0
45.8667,6.3771,Snack,43.0,16.26,977.0,3.6,2004.0,2003.0,19.0,96000.0
46.4249,2.9792,Italian restaurant,34.0,17.11,1169.0,3.6,2004.0,2003.0,13.0,37.0
45.2778,5.3335,Chain,21.0,9.17,832.0,3.6,2004.0,2003.0,17.0,49.0
46.462,4.3165,Italian restaurant,38.0,19.23,2786.0,3.6,2004.0,2003.0,13.0,65.0
43.7984,5.6155,Artisan,36.0,14.24,540.0,3.6,2004.0,2003.0,37.0,15.0
45.1316,7.2257,Italian restaurant,22.0,15.51,1083.0,3.6,2004.0,2003.0,33.0,13.0
43.3414,7.5101,Artisan,27.0,21.07,2328.0,3.6,2004.0,2003.0,19.0,17000.0
44.392,6.8601,Chain,28.0,12.43,21.0,3.6,2004.0,2003.0,36.0,42000.0
45.1316,7.2257,Italian restaurant,22.0,15.51,1083.0,3.6,2004.0,2003.0,33.0,13.0
44.3543,6.9827,Chain,43.0,20.38,1630.0,3.6,2004.0,2003.0,38.0,60.0
43.4874,6.1583,Italian restaurant,37.0,21.52,1607.0,3.6,2004.0,2003.0,30.0,66.0
45.039,3.2069,Snack,8.0,13.41,2552.0,3.6,2004.0,2003.0,15.0,20.0
44.9928,5.6683,Chain,44.0,17.5,1410.0,3.6,2004.0,2003.0,32.0,48.0
45.9264,2.4288,Italian restaurant,47.0,14.99,2697.0,3.6,2004.0,2003.0,35.0,17.0
44.3098,7.8351,Italian restaurant,15.0,17.52,2533.0,3.6,2004.0,2003.0,23.0,18.0
44.5753,6.8631,Artisan,37.0,20.87,2835.0,3.6,2004.0,2003.0,38.0,13.0
43.365,5.6808,Italian restaurant,4.0,8.11,1729.0,3.6,2004.0,2003.0,38.0,37.0
45.3057,3.9122,Snack,36.0,20.36,2959.0,3.6,2004.0,2003.0,28.0,55.0
46.0519,7.1546,Chain,23.0,10.31,1417.0,3.6,2004.0,2003.0,26.0,40000.0
43.1084,6.7996,Artisan,50.0,21.61,259.0,3.6,2004.0,2003.0,33.0,62.0
45.464,4.9699,Chain,29.0,21.56,2011.0,3.6,2004.0,2003.0,23.0,56.0
44.6006,3.355,Italian restaurant,10.0,18.3,132.0,3.6,2004.0,2003.0,30.0,64.0
44.2243,6.5329,Snack,49.0,10.61,2325.0,3.6,2004.0,2003.0,20.0,86.0
45.1751,3.0175,Snack,50.0,10.98,2523.0,3.6,2004.0,2003.0,21.0,20000.0
45.7545,5.507,Italian restaurant,39.0,15.15,2224.0,3.6,2004.0,2003.0,31.0,13.0
44.8886,5.1454,Artisan,28.0,20.23,1584.0,3.6,2004.0,2003.0,24.0,53.0
45.3874,3.9107,Artisan,29.0,11.56,892.0,3.6,2004.0,2003.0,10.0,52.0
44.4911,5.0487,Italian restaurant,35.0,10.34,903.0,3.6,2004.0,2003.0,25.0,76.0
44.307,6.0114,Artisan,40.0,21.77,1358.0,3.6,2004.0,2003.0,35.0,9000.0
43.3968,4.6721,Italian restaurant,10.0,8.37,2449.0,3.6,2004.0,2003.0,32.0,45.0
44.1199,2.9765,Chain,27.0,15.12,568.0,3.6,2004.0,2003.0,39.0,54.0
46.4999,2.9607,Snack,10.0,15.11,2156.0,3.6,2004.0,2003.0,24.0,87000.0
45.7492,6.494,Chain,40.0,15.3,1101.0,3.6,2004.0,2003.0,39.0,16000.0
45.2444,2.4214,Chain,4.0,11.06,2612.0,3.6,2004.0,2003.0,38.0,10000.0
43.9176,7.1748,Italian restaurant,47.0,20.55,573.0,3.6,2004.0,2003.0,13.0,52000.0
45.329,8.0268,Chain,50.0,8.72,2953.0,3.6,2004.0,2003.0,32.0,95.0
44.833,5.037,Snack,34.0,19.42,1706.0,3.6,2004.0,2003.0,9.0,68.0
45.8994,2.4573,Snack,45.0,9.04,525.0,3.6,2004.0,2003.0,19.0,63.0
43.6445,5.4711,Italian restaurant,18.0,19.17,2692.0,3.6,2004.0,2003.0,9.0,33.0
46.4745,7.3757,Chain,48.0,20.13,1013.0,3.6,2004.0,2003.0,33.0,26.0
43.8571,2.0215,Artisan,23.0,14.48,1553.0,3.6,2004.0,2003.0,23.0,52000.0
45.2486,5.5653,Chain,22.0,14.01,1706.0,3.6,2004.0,2003.0,13.0,54000.0
43.8548,6.6305,Chain,32.0,13.24,2828.0,3.6,2004.0,2003.0,30.0,69000.0
45.0467,6.3432,Chain,5.0,14.17,835.0,3.6,2004.0,2003.0,38.0,98000.0
43.6064,7.5374,Chain,24.0,21.04,2525.0,3.6,2004.0,2003.0,27.0,51.0
43.7408,7.4263,Artisan,6.0,19.33,64.0,3.6,2004.0,2003.0,12.0,84000.0
43.9016,8.1661,Snack,18.0,8.39,2662.0,3.6,2004.0,2003.0,17.0,12.0
44.4784,5.1156,Snack,48.0,9.64,2517.0,3.6,2004.0,2003.0,16.0,27.0
43.4991,7.0337,Chain,41.0,17.65,1753.0,3.6,2004.0,2003.0,16.0,34.0
43.1521,7.8104,Artisan,34.0,20.8,1624.0,3.6,2004.0,2003.0,28.0,56.0
45.9448,2.1009,Chain,32.0,14.39,2820.0,3.6,2004.0,2003.0,27.0,43000.0
44.4208,5.6978,Italian restaurant,31.0,10.6,2642.0,3.6,2004.0,2003.0,19.0,29.0
43.651,3.2381,Chain,20.0,8.73,420.0,3.6,2004.0,2003.0,15.0,18.0
44.5161,5.2859,Italian restaurant,19.0,11.57,1842.0,3.6,2004.0,2003.0,13.0,100.0
45.8724,4.9351,Artisan,45.0,10.68,2685.0,3.6,2004.0,2003.0,15.0,63.0
43.2871,6.1297,Chain,11.0,8.18,2033.0,3.6,2004.0,2003.0,24.0,55000.0
43.5187,6.5261,Snack,31.0,12.4,345.0,3.6,2004.0,2003.0,26.0,92.0
45.9212,6.3156,Chain,49.0,14.57,77.0,3.6,2004.0,2003.0,17.0,85.0
45.039,3.2069,Snack,8.0,13.41,2552.0,3.6,2004.0,2003.0,15.0,20.0
43.805,4.0153,Italian restaurant,37.0,13.28,2183.0,3.6,2004.0,2003.0,30.0,86.0
45.5846,2.635,Snack,27.0,20.33,545.0,3.6,2004.0,2003.0,17.0,75.0
45.0383,5.3001,Chain,24.0,21.71,2107.0,3.6,2004.0,2003.0,14.0,60.0
46.3549,3.7298,Snack,18.0,21.18,2887.0,3.6,2004.0,2003.0,39.0,69.0
43.1965,2.2819,Snack,45.0,10.95,124.0,3.6,2004.0,2003.0,26.0,69.0
44.3301,7.6869,Artisan,7.0,19.6,2198.0,3.6,2004.0,2003.0,28.0,64000.0
44.0383,3.8585,Artisan,27.0,11.52,2432.0,3.6,2004.0,2003.0,37.0,25.0
44.5143,7.9627,Artisan,50.0,9.98,847.0,3.6,2004.0,2003.0,30.0,20.0
44.7603,7.6848,Artisan,37.0,8.47,2737.0,3.6,2004.0,2003.0,24.0,60000.0
44.3808,3.0059,Chain,50.0,14.13,972.0,3.6,2004.0,2003.0,26.0,37.0
45.9996,4.8027,Italian restaurant,9.0,19.35,2735.0,3.6,2004.0,2003.0,12.0,77.0
43.9193,5.8426,Snack,26.0,11.74,1663.0,3.6,2004.0,2003.0,23.0,46.0
46.1499,7.1273,Snack,9.0,13.61,575.0,3.6,2004.0,2003.0,23.0,41.0
45.039,3.2069,Snack,8.0,13.41,2552.0,3.6,2004.0,2003.0,15.0,20.0
45.1325,6.3604,Artisan,19.0,18.37,889.0,3.6,2004.0,2003.0,11.0,72.0
44.0136,4.5682,Italian restaurant,8.0,16.87,2111.0,3.6,2004.0,2003.0,31.0,70.0
43.2721,7.8614,Italian restaurant,19.0,21.48,2366.0,3.6,2004.0,2003.0,20.0,71.0
43.5809,4.1689,Italian restaurant,12.0,16.33,1542.0,3.6,2004.0,2003.0,29.0,93.0
44.1522,7.0135,Italian restaurant,16.0,13.15,1891.0,3.6,2004.0,2003.0,32.0,75.0
45.7834,6.0133,Artisan,25.0,9.32,2964.0,3.6,2004.0,2003.0,17.0,18.0
45.3057,3.9122,Snack,36.0,20.36,2959.0,3.6,2004.0,2003.0,28.0,55.0
44.5605,2.0276,Chain,17.0,11.9,2364.0,3.6,2004.0,2003.0,19.0,49000.0
45.845,4.5178,Italian restaurant,8.0,17.64,1902.0,3.6,2004.0,2003.0,17.0,99.0
43.7197,2.8361,Italian restaurant,6.0,12.11,817.0,3.6,2004.0,2003.0,28.0,73.0
45.469,3.9772,Snack,6.0,19.34,1405.0,3.6,2004.0,2003.0,18.0,74000.0
45.7719,4.2631,Chain,41.0,21.96,110.0,3.6,2004.0,2003.0,37.0,64.0
43.9193,5.8426,Snack,26.0,11.74,1663.0,3.6,2004.0,2003.0,23.0,46.0
43.7985,5.7629,Chain,29.0,12.14,980.0,3.6,2004.0,2003.0,15.0,71.0
44.2723,6.5442,Artisan,41.0,18.29,2236.0,3.6,2004.0,2003.0,19.0,97.0
43.577,3.9504,Italian restaurant,43.0,8.75,559.0,3.6,2004.0,2003.0,32.0,72.0
44.6872,7.4503,Italian restaurant,5.0,9.26,986.0,3.6,2004.0,2003.0,30.0,14.0
45.0286,5.7516,Italian restaurant,27.0,13.21,2168.0,3.6,2004.0,2003.0,28.0,39.0
45.0311,2.6653,Snack,22.0,14.36,549.0,3.6,2004.0,2003.0,37.0,32.0
43.1881,3.1535,Italian restaurant,39.0,9.65,878.0,3.6,2004.0,2003.0,26.0,33000.0
44.9756,2.0735,Snack,38.0,21.68,2858.0,3.6,2004.0,2003.0,19.0,20.0
44.3255,2.511,Chain,7.0,13.55,959.0,3.6,2004.0,2003.0,13.0,8.0
44.4881,3.8593,Chain,38.0,14.63,2898.0,3.6,2004.0,2003.0,37.0,79.0
44.0275,7.6129,Chain,31.0,9.28,1431.0,3.6,2004.0,2003.0,34.0,58.0
45.5586,7.8074,Chain,30.0,20.35,1626.0,3.6,2004.0,2003.0,19.0,12000.0
43.2752,4.3384,Artisan,8.0,10.63,2289.0,3.6,2004.0,2003.0,21.0,46.0
43.3296,3.6255,Artisan,7.0,21.28,2918.0,3.6,2004.0,2003.0,34.0,97.0
43.9016,8.1661,Snack,18.0,8.39,2662.0,3.6,2004.0,2003.0,17.0,12.0
45.6497,2.9919,Artisan,13.0,19.88,517.0,3.6,2004.0,2003.0,24.0,54.0
44.8608,6.87975,Snack,25.0,14.4,1435.0,3.6,2004.0,2003.0,24.0,62.0
44.8608,6.87975,Snack,13.0,8.18,1393.0,3.7,1991.0,2003.0,18.0,35000.0
44.8608,6.87975,Artisanale,8.0,8.26,134.0,3.0,2022.0,2003.0,40.0,15.0
44.8608,6.87975,Snack,26.0,10.25,2335.0,3.1,2022.0,2003.0,24.0,105000.0
44.8608,6.87975,Snack,14.0,20.62,876.0,2.7,2008.0,2003.0,38.0,97.0
44.8608,6.87975,Chaîne,26.0,21.74,1287.0,3.5,2018.0,2003.0,15.0,25.0
44.8608,6.87975,Restaurant italien,29.0,17.73,691.0,4.7,1997.0,2003.0,24.0,51000.0
44.8608,6.87975,Snack,38.0,15.65,1762.0,3.6,2009.0,2003.0,15.0,65.0
44.8608,6.87975,Artisanale,15.0,15.79,2013.0,4.3,2009.0,2003.0,27.0,70.0
44.8608,6.87975,Artisanale,41.0,8.63,110.0,4.4,2009.0,2003.0,29.0,20.0
44.8608,6.87975,Restaurant italien,40.0,15.21,1923.0,3.6,2009.0,2003.0,28.0,81.0
44.8608,6.87975,Restaurant italien,31.0,10.94,1228.0,3.3,1997.0,2003.0,28.0,61.0
44.8608,6.87975,Chaîne,5.0,16.79,2706.0,3.7,2002.0,2003.0,37.0,89.0
44.8608,6.87975,Snack,25.0,14.4,1435.0,3.6,2004.0,2003.0,24.0,62.0
44.8608,6.87975,Restaurant italien,39.0,21.88,1117.0,3.0,2002.0,2003.0,24.0,92.0
44.8608,6.87975,Restaurant italien,5.0,8.77,260.0,3.2,2008.0,2003.0,34.0,93.0
44.8608,6.87975,Chaîne,19.0,9.57,2377.0,3.8,2016.0,2003.0,24.0,19000.0
44.8608,6.87975,Snack,41.0,18.32,892.0,4.8,1998.0,2003.0,19.0,43.0
44.8608,6.87975,Restaurant italien,38.0,13.25,2796.0,3.6,1994.0,2003.0,25.0,54.0
44.8608,6.87975,Chaîne,4.0,13.61,646.0,2.7,2023.0,2003.0,16.0,95.0
44.8608,6.87975,Chaîne,20.0,10.43,345.0,3.2,2010.0,2003.0,19.0,56.0
44.8608,6.87975,Artisanale,39.0,17.06,812.0,4.9,1988.0,2003.0,18.0,59.0
44.8608,6.87975,Snack,19.0,16.65,1876.0,4.2,2015.0,2003.0,24.0,25.0
44.8608,6.87975,Chaîne,49.0,13.37,2281.0,2.7,2006.0,2003.0,24.0,38.0
44.8608,6.87975,Artisanale,4.0,11.55,1519.0,3.5,2022.0,2003.0,10.0,30.0
44.8608,6.87975,Restaurant italien,12.0,9.26,1283.0,3.2,1993.0,2003.0,24.0,71.0
44.8608,6.87975,Restaurant italien,33.0,14.9,383.0,2.8,1996.0,2003.0,26.0,29.0
44.8608,6.87975,Snack,25.0,14.4,1435.0,3.6,2004.0,2003.0,24.0,62.0
44.8608,6.87975,Restaurant italien,27.0,16.26,332.0,2.9,2014.0,2003.0,38.0,88.0
44.8608,6.87975,Artisanale,45.0,16.71,2331.0,5.0,2003.0,2003.0,11.0,49.0
44.8608,6.87975,Chaîne,11.0,12.18,2471.0,4.8,2008.0,2003.0,14.0,73000.0
44.8608,6.87975,Chaîne,35.0,15.38,1917.0,3.6,2004.0,2003.0,38.0,27.0
44.8608,6.87975,Chaîne,37.0,13.99,2102.0,4.8,2011.0,2003.0,35.0,20.0
44.8608,6.87975,Snack,20.0,16.2,2709.0,3.6,2010.0,2003.0,19.0,13000.0
44.8608,6.87975,Restaurant italien,46.0,14.3,766.0,4.8,2023.0,2003.0,13.0,41.0
44.8608,6.87975,Chaîne,9.0,12.21,680.0,2.6,2016.0,2003.0,36.0,68000.0
44.8608,6.87975,Restaurant italien,35.0,15.19,1998.0,4.8,2018.0,2003.0,11.0,10.0
44.8608,6.87975,Restaurant italien,34.0,9.64,1786.0,3.6,2003.0,2003.0,24.0,100000.0
44.8608,6.87975,Chaîne,11.0,15.87,191.0,4.5,1994.0,2003.0,25.0,96.0
44.8608,6.87975,Artisanale,32.0,19.19,2500.0,4.9,2020.0,2003.0,14.0,13.0
44.8608,6.87975,Artisanale,19.0,19.69,1089.0,2.9,2008.0,2003.0,34.0,88.0
44.8608,6.87975,Restaurant italien,18.0,9.93,2114.0,4.7,1986.0,2003.0,31.0,64000.0
44.8608,6.87975,Artisanale,9.0,12.74,1610.0,3.6,2021.0,2003.0,17.0,15.0
44.8608,6.87975,Snack,25.0,14.4,1435.0,3.6,2004.0,2003.0,24.0,62.0
44.8608,6.87975,Snack,30.0,13.63,1284.0,3.3,2002.0,2003.0,8.0,75.0
44.8608,6.87975,Chaîne,38.0,16.74,2657.0,3.4,2004.0,2003.0,20.0,18000.0
44.8608,6.87975,Chaîne,23.0,18.17,245.0,3.6,2017.0,2003.0,24.0,53000.0
44.8608,6.87975,Chaîne,49.0,13.29,2115.0,3.6,2014.0,2003.0,31.0,20000.0
44.8608,6.87975,Restaurant italien,50.0,21.63,1874.0,2.8,2018.0,2003.0,40.0,23.0
44.8608,6.87975,Chaîne,39.0,13.17,495.0,3.5,1987.0,2003.0,26.0,74000.0
44.8608,6.87975,Snack,22.0,14.8,199.0,4.0,2003.0,2003.0,27.0,35000.0
44.8608,6.87975,Snack,8.0,20.19,1383.0,3.9,2023.0,2003.0,38.0,24.0
44.8608,6.87975,Restaurant italien,46.0,14.29,2721.0,4.5,1999.0,2003.0,32.0,58.0
44.8608,6.87975,Restaurant italien,21.0,17.04,1265.0,3.9,2020.0,2003.0,15.0,18000.0
44.8608,6.87975,Artisanale,40.0,15.3,2696.0,2.5,1986.0,2003.0,19.0,43.0
44.8608,6.87975,Restaurant italien,9.0,19.3,95.0,2.6,2011.0,2003.0,19.0,11.0
44.8608,6.87975,Chaîne,23.0,15.96,583.0,3.8,2000.0,2003.0,18.0,76.0
44.8608,6.87975,Artisanale,4.0,19.38,685.0,4.1,2015.0,2003.0,24.0,42.0
44.8608,6.87975,Snack,44.0,10.98,2187.0,2.9,1990.0,2003.0,27.0,58.0
44.8608,6.87975,Snack,31.0,10.95,1403.0,4.7,2002.0,2003.0,36.0,39.0
44.8608,6.87975,Artisanale,45.0,17.12,1823.0,4.5,2009.0,2003.0,30.0,84.0
44.8608,6.87975,Snack,25.0,14.4,1435.0,3.6,2004.0,2003.0,24.0,62.0
44.8608,6.87975,Artisanale,11.0,14.48,81.0,3.1,1997.0,2003.0,30.0,19.0
44.8608,6.87975,Chaîne,18.0,21.72,2018.0,3.6,1985.0,2003.0,21.0,33.0
44.8608,6.87975,Artisanale,24.0,14.06,1911.0,4.2,1999.0,2003.0,10.0,14.0
44.8608,6.87975,Artisanale,5.0,14.72,1369.0,4.1,1991.0,2003.0,23.0,68000.0
44.8608,6.87975,Snack,37.0,19.12,391.0,4.0,1990.0,2003.0,15.0,15.0
44.8608,6.87975,Artisanale,12.0,8.87,2501.0,3.6,1991.0,2003.0,12.0,94000.0
44.8608,6.87975,Restaurant italien,10.0,16.64,2555.0,4.5,2009.0,2003.0,24.0,67.0
44.8608,6.87975,Snack,45.0,21.13,788.0,3.3,2023.0,2003.0,8.0,99000.0
44.8608,6.87975,Snack,23.0,16.17,2471.0,3.7,1985.0,2003.0,31.0,74.0
44.8608,6.87975,Artisanale,31.0,12.81,280.0,3.0,2014.0,2003.0,38.0,84.0
44.8608,6.87975,Artisanale,14.0,15.12,2042.0,3.8,2005.0,2003.0,19.0,99.0
44.8608,6.87975,Restaurant italien,34.0,11.76,149.0,4.0,2013.0,2003.0,20.0,38.0
